hspt_name,url,depth,text,date
허리나은병원,http://www.ctlspine.co.kr/board/view.php?tid=124&sid=215&b_code=B_NOTICE&idx=9&category=0&search_category=&searchString=&gotopage=1,2,허리나은병원/비급여 수가표<2020.01.02> ,200320
허리나은병원,http://www.ctlspine.co.kr/content/view.php?tid=124&sid=215&b_code=B_NOTICE&idx=9&category=0&search_category=&searchString=&gotopage=1,2,허리나은병원/비급여 수가표<2020.01.02> ,200320
버팀병원,https://burteam.co.kr/osan/sub/information/s5,2,버팀병원/비급여진료안내,200320
버팀병원,https://burteam.co.kr/suwon/sub/information/s5,2,버팀병원/비급여진료안내,200320
메가병원,http://www.megahospital.co.kr/bbs/download.php?bo_table=n_03&wr_id=43&no=0,2,"메가병원/
비급여 고시대장 20191017.hwp
						 (73.0K)
					",200320
메가병원,http://www.megahospital.co.kr/bbs/download.php?bo_table=n_03&wr_id=42&no=0,2,"메가병원/
비급여 고시대장 20190911(1).hwp
						 (73.5K)
					",200320
메가병원,http://www.megahospital.co.kr/bbs/download.php?bo_table=n_03&wr_id=41&no=0,2,"메가병원/
비급여고시대장20190401.hwp
						 (73.0K)
					",200320
메가병원,http://www.megahospital.co.kr/bbs/download.php?bo_table=n_03&wr_id=40&no=0,2,"메가병원/
비급여고시대장20190307.hwp
						 (72.5K)
					",200320
메가병원,http://www.megahospital.co.kr/bbs/download.php?bo_table=n_03&wr_id=39&no=0,2,"메가병원/
비급여고시대장20190201.hwp
						 (72.0K)
					",200320
이지정형외과의원,http://www.egos.kr/Module/MBoard/MBoard.asp?Page=1&PageSize=10&Key=&Keyword=&Gubun=2&SearchCategory=&Divide=&Srno=97501&PState=View,2,이지정형외과의원/비급여목록표(변경),200320
이지정형외과의원,http://www.egos.kr/Module/MBoard/MBoard.asp?Page=1&PageSize=10&Key=&Keyword=&Gubun=2&SearchCategory=&Divide=&Srno=97500&PState=View,2,이지정형외과의원/비급여 목록표,200320
문동언마취통증의학과의원,http://www.mpainclinic.com/bbs/board.php?bo_table=notice&wr_id=21,2,"문동언마취통증의학과의원/
				[공지] 비급여 진료비 및 제증명 수수료 안내							",200320
의료법인바른병원,http://www.barun.or.kr/seoul/비급여안내/,2,의료법인바른병원/비급여안내,200320
의료법인바른병원,http://www.barun.or.kr/jinju/%EB%B9%84%EA%B8%89%EC%97%AC%EC%95%88%EB%82%B4/,2,의료법인바른병원/비급여안내,200320
동탄시티병원,http://www.dtcityhospital.com/default/m7/sub01.php?com_board_basic=read_form&com_board_idx=130&sub=01&&com_board_search_code=&com_board_search_value1=&com_board_search_value2=&com_board_page=&&com_board_id=1&&com_board_id=1,2,동탄시티병원/동탄시티병원 비급여 현황- 2020년 3월 1일 기준 - ,200320
동탄시티병원,http://www.dtcityhospital.com/default/m7/sub01.php?com_board_basic=read_form&com_board_idx=130&&com_board_search_code=&com_board_search_value1=&com_board_search_value2=&com_board_page=&&com_board_id=1&&com_board_id=1,2,동탄시티병원/동탄시티병원 비급여 현황- 2020년 3월 1일 기준 - ,200320
의료법인 우신향병원,http://www.wshmc.co.kr/sub/s0501.php?PHPSESSID=7141e0ab46880a831e2b46e3a08bb840,2,의료법인 우신향병원/비급여,200320
의료법인 우신향병원,http://www.wshmc.co.kr/sub/s0502.php?PHPSESSID=7141e0ab46880a831e2b46e3a08bb840,2,의료법인 우신향병원/비급여,200320
